Resume ID,Company
10,"['Operations Manager\n\nCompany Name\n', 'Client Service Manager\nWithin three months, increased efficiency by 20% by identifying and mitigating outdated manual processes and leveraging technology.\n', 'Client Service Manager\n\nCompany Name\n']"
103,"['Accountant\n\nCompany Name\n\n', 'Accountant - Payables / Accounting Clerk\n\nCompany Name\n\n', 'Junior Accountant\n\nCompany Name\n\n', 'Accountant cum Secretary\n\nCompany Name\n\n']"
106,"['Finance Director and Treasurer\n\n,\n', 'Financial Services Officer/Budget Officer\n\n,\n', 'Senior Auditor\n\n,\n']"
107,"['Finance officer\n\nCompany Name\n', 'Teller\n\nCompany Name\n', 'Sales Associate\n\nCompany Name\n', 'Sales Associate\n\nCompany Name\n', 'Secretary/Senator\n\nCompany Name\n', 'Sales Associate\n\nCompany Name\n', 'Organized, displayed and processed thorough knowledge regarding the merchandised offered for sale.\n01/2010\n\nto\n01/2013']"
108,"['wellness through self-regulation principles.\nPersonal Trainer, Group Fitness Instructor\n\n', 'regulation and behavioral adaptations for health and fitness.\nIntelligence Planner\n\n', 'content. Drafted intelligence plans for combatant command exercises.\nIntelligence Officer\n\n', 'significant events in the threat area and improved threat awareness.\nIntelligence Officer\n\n', 'the Air Force Historical Review Agency.\nPersonal Trainer & Group Fitness Instructor\n\n']"
113,"['Financial Accountant\n\nCompany Name\n', 'Business Analyst\n\nCompany Name\n', 'Financial Accountant\n\nCompany Name\n', 'Accountant Analyst\n\nCompany Name\n', 'Project Accountant & Administrator\n\nCompany Name\n', 'Senior Financial Accountant\n\nCompany Name\n', 'Accountant\n\nCompany Name\n', 'Cost Analyst\n\nCompany Name\n', 'Financial Control Analyst\n\nCompany Name\n', 'Consultant in Finance / Administrative Support\n\nCompany Name\n']"
114,"['Senior VP - Information Technology\n\nCompany Name\n\n', 'Chief Information Officer\n\nCompany Name\n\n', 'IT Support Manager\nCompany Name\n\n']"
115,"['Branch Logistics Manager\n\nCompany Name\n', 'General Manager\n\nCompany Name\n', 'Sales Manager/Assistant Manager\n\nCompany Name\n', 'Personal Trainer/Aerobics Instructor\n\nCompany Name\n', 'SUSPENSE SPECIALIST\n\nCompany Name\n', 'CONTRIBUTION SPECIALIST\n\nCompany Name\n']"
116,"['Company Name\n\nï¼\u200b\n', 'HR Assistant\nMaintained employee compensation, benefits, PTO, timecards and promotion opportunities.\n', 'AR/AP Representative\n\nCompany Name\n', 'Office Assistant\n\nCompany Name\n']"
122,"['Company Name\n\nAccountant\n\n', 'Company Name\n\nAccountant\n\n', 'Company Name\n\nStaff Accountant\n\n']"
127,"['Accountant\n\nCompany Name\n', 'Accountant\n\nCompany Name\n', 'Accountant\n\nCompany Name\n']"
129,"['Senior Executive - Finance\n\nCompany Name\n', 'Accounts Executive\n\nCompany Name\n']"
131,"['Senior HR Manager\n\n,\n', 'Executive Assistant III\n\n,\n', 'Human Resources Coordinator\n\n,\n', 'Financial Operations Assistant\n\n,\n']"
132,"['Senior Director of Finance\n\nCompany Name\n\n', 'Director of Strategic Initiatives\n\nCompany Name\n\n', 'Process Improvement Engineer\n\nCompany Name\n\n']"
133,"['Operation Manager\n\n,\n', 'General Manager\n\n,\n', 'Logistic Manager\n\n,\n']"
135,"['Chief Operating Officer\n\nCompany Name\n\n', 'MM annually.\nCompany Name\n\n']"
137,"['Accountant\n\nCompany Name\n\n', 'Staff Accountant\n\nCompany Name\n\n', 'Package Handler\n\nCompany Name\n\n']"
142,[]
143,"[""Protects organization's value by keeping information confidential.\nCompany Name\n\n"", ' journal entry process, reducing closing time by a day.\nCompany Name\n\n', 'â€¢Streamlined the banking process to increase cash flow for domestic and overseas business.\nCompany Name\n\n']"
146,"['Operations Manager\n\nCompany Name\n', 'Healthcare Business Director\n\nCompany Name\n', 'Business Director\n\nCompany Name\n', 'Business Manager\n\nCompany Name\n', 'staff/Business office\n\nCompany Name\n']"
147,"['Finance Controller\n\nCompany Name\n\n', 'Division Controller\n\nCompany Name\n\n', 'Corporate Controller\n\nCompany Name\n\n', 'Senior Accounting Consultant\n\nCompany Name\n\n', 'Senior Business Analyst\n\nCompany Name\n\n', 'Finance Director Education and Client Support Services\n\nCompany Name\n\n']"
149,"['HR Representative\n\nCompany Name\n', 'Human Resources Supervisor/ Staffing Coordinator Human Resource Representative\n\nCompany Name\n', 'Served as a human resources advisor for Chaska plant when they were without a HR Manager.\n10/2011\n\nto\n06/2013']"
15,"['Finance and Operations Manager\n\n,\n', 'Financial Analyst\n\n,\n', 'Finance and Operations Manager\n\n,\n', 'Financial Analyst\n\n,\n']"
152,"['Accountant\n,\n', 'Accountant / Executive Assistant\n\n,\n', 'Accountant / Medical Billing & Collections Supervisor\n\n,\n', 'Accountant / Executive Assistant\n\n,\n']"
153,"['Finance Analyst\n\nCompany Name\n\n', 'Claim Representative\n\nCompany Name\n\n', 'Intern\n\nCompany Name\n\n']"
154,"['Accountant\n\nCompany Name\n', 'Customer service representative\n\nCompany Name\n', '\nBack office Trainer for new hiring retailers till\n']"
156,[]
161,"['Family and Community Advocate\n\nCompany Name\n', 'Substance Abuse Counselor\n\nCompany Name\n', 'Case Manager\n\nCompany Name\n', 'Lead Case Manager\n\nCompany Name\n', 'Therapist\n\nCompany Name\n', 'Psychotherapist\n\nCompany Name\n']"
169,"['Information Technology Manager / Network Engineer\n\nCompany Name\n\n', 'Network Engineer\n\nCompany Name\n\n', 'Network Support Technician\n\nCompany Name\n\n']"
17,"['Finance Manager\n\nCompany Name\n\n', 'Owner\n\nCompany Name\n\n', 'Director\n\nCompany Name\n\n', 'Senior and Special Projects Auditor\n\nCompany Name\n\n', 'Controller\n\nCompany Name\n\n', 'Controller\nCompany Name\n\n']"
172,"['+ employees.\nHR Assistant\n\n', 'Assist with New Employee Orientations.\nORCD Office Coordinator\n\n', 'â€¢Extensive working knowledge of computer programs (ie; Microsoft Word, Excel, Access, etc.)\nInside Sales/ Administrative Support\n\n']"
174,"['Finance Coordinator\n\nCompany NameResponsible for the preparation of bi-weekly payroll including retirement plans, termination, union dues as well as resolving insurance issues\n', 'Accountant\n\nCompany Name\n', 'Senior Accountant\n\nCompany Name\n']"
178,"['State\n\n//\n\n', 'State\n\n//\n\n', 'State\n\n//\n\n']"
180,['HR Executive\n\nCompany Name\n']
181,"['Company Name\n\nStaff Accountant\n\n', 'Company Name\n\nExecutive Administrative Assistant\n\n']"
182,"['Company Name\nIT Specialist Project Engineer\n\n', 'proposed solutions to faults identified in the SAT to ensure continuity of new and existing systems and compliance with user requirements.\nSystems Integration Analyst\n\n', 'Reviewed project documentation and ensured contract deliverables were complete and delivered accurately and on time as specified in the\nAcquisition Requirements Package (ARP).\n']"
183,"['HR Director\n\nCompany Name\n\n', 'HR Director\n\nCompany Name\n\n', 'HR Manager/Sr. Recruiter\n\nCompany Name\n\n', 'Human Resources Coordinator\n\nCompany Name\n\n']"
186,"['Director of HR\n\nCompany Name\n\n', 'Vice President and Director of Human Resources and Administration\n\nCompany Name\n\n', 'Business Manager\n\nCompany Name\n\n', 'Vice President/Business Manager\n\nCompany Name\n']"
188,"['Finance Assistant\n\nCompany Name\n\n', 'Catering Specialist\n\nCompany Name\n\n', 'Customer service representative/driver/food line\n\nCompany Name\n\n']"
191,"['Finance Manager\n\nCompany Name\n', 'Staff Accountant\n\nCompany Name\n', 'Accountant\n\nCompany Name\n', 'Auditor / Manager\n\nCompany Name\n', 'Staff Accountant\n\nCompany Name\n']"
192,"['Human Resources professional\n\nCompany Name\n', 'Onsite Supervisor\n\nCompany Name\n', 'Negotiator\n\nCompany Name\n']"
194,"['Accountant\n\nCompany Name\n\n', 'Retail and Wholesale Clothing Merchandiser Accounting Assistant\n\nCompany Name\n\n', 'Stock Clerk\n\nCompany Name\n\n', 'Restaurant Operations Manager\n\nCompany Name\n\n']"
195,"['Information Technology Specialist\n\nCompany Name\n\n', 'IT Systems Administrator\n\nCompany Name\n\n', 'Field Service Technician II\n\nCompany Name\n\n', 'Kodak Imaging Expert / Field Marketing Specialist\n\nCompany Name\n\n', 'Merchandising / Marketing Specialist\n\nCompany Name\n\n', 'Digital Imaging Specialist\n\nCompany Name\n\n', 'Business Machines Sales Associate\n\nCompany Name\n\n']"
20,"['HR Manager\n\n,\n', 'Sr. HR Generalist\n\n,\n', 'Benefits Administrator\n\n,\n', 'Human Resources Supervisor\n\n,\n', 'Human Resources Generalist/Administrative Assistant\n\n,\n', 'Human Resources Assistant\n\n,\n']"
203,"['Company Name\n\nDirector of Finance\n\n', 'I currently supervise a team of three supervisors and six accountants.\nUnit Business Manager - Intermediate\n\n', 'I worked directly in the development of grant and contract proposals.\nUnit Business Manager\n\n', 'publications in accordance with the editors preferred style.\nProgram Assistant Senior\n\n', 'duties as required by the staff and/or Center members.\nService Delivery Coordinator\n\n', ""In the billing department, I worked directly with the customers to answer their questions and/or to resolve their complaints.\nTeacher/Teacher's Aid\n\n"", 'I taught Microsoft Office products, such as Excel, Word, Access, Outlook, and Windows, Wilton Cake Decorating and other AdultEducation Classes.\nSecretary/Owner\n\n', 'business.\nOwner/Operator\n\n', 'financial aspects including financial reports and taxes.\nSecretary/State Network Liaison\n\n', 'I was appointed liaison for setting up the county- wide computers for their new state wide computer system.\nSecretary\n\n', 'receiving telephone calls, issuing personnel reports, and general secretarial duties.\nExecutive Secretary\n\n']"
204,"['State\n\nHR Manager\n\n', 'State\n\nOffice Operations Manager\n\n', 'State\n\nCustomer Support Manager\n\n', 'State\n\nTeller\n\n', 'State\n\nRetail Support\n\n', 'State\n\nAdministration / Customer Services / Mentor\n\n', 'State\n\nFlight Attendant/Purser\n\n']"
205,"['Accountant\n\nCompany Name\n\n', 'Administrative Assistant\n\nCompany Name\n\n', 'Accounting Manager\n\nCompany Name\n\n', 'Administrative Assistant And Billing Specialist\n\nCompany Name\n\n']"
206,"['Company Name\n\nFinancial Analyst\n\n', 'Company Name\n\nInvestment Banking Summer Analyst\n\n', 'Company Name\n\nCo-President\n\n']"
208,"['Fitness Manager\n\n,\n', 'Fitness Manager/ Master Trainer\n\n,\n', 'Personal Trainer\n\n,\n']"
209,"['VP of Finance\n\nCompany Name\n\n', 'Managing Partner\n\nCompany Name\n\n', 'VP of Finance / Controller\n\nCompany Name\n\n', 'Director of Business Operations\n\nCompany Name\n\n']"
214,[]
215,[]
217,['ACCOUNTANT\n\nCompany Name\n']
220,"['Director of Information Technology and Analytics\n\nCompany Name\n\n', 'Information Technology Manager\n\nCompany Name\n\n', 'Systems Administrator\n\nCompany Name\n\n', 'Data/Systems Administrator\n\nCompany Name\n\n']"
223,"['Critical Thinking\nGroup Exercise Fitness Instructor\n\n', 'Demonstrate the correct way to use exercise equipment\nAdministrator Support Assistant II\n\n', 'Transferred important documents to the appropriate department when requested.\nAdministrator Support Assistant II\n\n', 'Completed projects assigned by staff\nNursery Director\n\n', 'Ensured background checks were performed for volunteerâ€‹â€‹\nData Entry Operator\n\n']"
228,"['Project Accountant\n\nCompany Name\n\n', 'Office Administrator\n\nCompany Name\n\n', 'Staff Accountant\n\nCompany Name\n\n', 'Office Administrator\n\nCompany Name\n\n', 'Project Accountant\n\nCompany Name\n\n']"
229,"['HR Specialist\n\nCompany Name\n\n', 'HR Specialist\n\nCompany Name\n\n', 'HR Assistant\n\nCompany Name\n\n']"
230,"['Advocate\n\nCompany Name\n', 'CSR II\n\nCompany Name\n', 'Business Banker\n\nCompany Name\n', 'Life Enrichment Coordinator/Marketing Coordinator\n\nCompany Name\n']"
24,"['State\n\nDirector of Finance\n\n', 'State\n\nFinancial Planning and Analysis Manager\n\n', 'State\n\nAccounting Supervisor\n\n', 'State\n\nSenior Productivity Analyst\n\n', 'State\n\nAudit Consultant\n\n', 'State\n\nFinancial Analyst / Senior GL Account\n\n', 'State\n\nCost Accountant\n\n', 'State\n\nSales Manager\n\n']"
240,"['HR Services Representative\n\nCompany Name\n', 'Teller/Customer Service Representative (HEART Trainee)\n\nCompany Name\n']"
242,"['Global HR Manager\n\nCompany Name\n\n', 'Global HR Analyst\n\nCompany Name\n\n', 'HR Generalist\n\nCompany Name\n\n', 'HR Generalist\n\nCompany Name\n\n', 'HR Specialist\n\nCompany Name\n\n']"
246,"['Accountant II\n\nCompany Name\n', 'Senior Accountant (TEMP)\n\nCompany Name\n', 'Accountant (TEMP)\n\nCompany Name\n', 'Staff Accountant (TEMP)\n\nCompany Name\n', 'Junior Accountant (TEMP)\n\nCompany Name\n', 'Equity Research Analyst (TEMP)\n\nCompany Name\n', 'Bookkeeper (TEMP)\n\nCompany Name\n', 'Operation Budget (INTERN)\n\nCompany Name\n']"
255,[]
256,['May lead and direct the work of others.\nCompany Name\n\n']
258,"['Manager, Finance\n\nCompany Name\n\n', 'Capital Funds Accountant\n\nCompany Name\n\n', 'Senior Financial Analyst\n\nCompany Name\n\n', 'Chargeback Analyst\n\nCompany Name\n\n']"
259,"['Senior Accountant\n\nCompany Name\n\n', 'Finance Associate\n\nCompany Name\n\n', 'Assist with special projects.\nCompany Name\n\n']"
26,"['State\n\nHR Manager\n\n', 'State\n\nHR Coordinator/Assistant\n\n', 'State\n\nHR Representative\n\n', 'State\n\nSr. Executive Assistant\n\n', 'State\n\nSR. Executive Assistant\n\n', 'State\n\nHuman Resource Regional Assistant\n\n']"
260,"['Patient Advocate\n\nCompany Name\n\n', 'Insurance Agent\n\nCompany Name\n\n', 'Debt Collector\n\nCompany Name\n\n', ' calls in queue per minute.\nCompany Name\n\n']"
261,"['Presently working as Finance Manager at Moevenpick Hotel Sukhumvit 15 Bangkok.\nWorked for Ramada Hotel and Suites Bangkok, Wyndham group 1st managed hotel in Asia as a Finance Manager.\n', 'Deputy Manager\n\n01/1980\n']"
263,['General Accountant\nTreasury Manager\n']
264,"['Customer Service Representative\n\nCompany Name\n\n', 'Customer Service Representative\n\nCompany Name\n\n', 'Customer Service Representative\n\nCompany Name\n\n', 'Customer Service\n\nCompany Name\n\n', 'Agent\n\nCompany Name\n\n', 'Floor Sales Associate\n\nCompany Name\n\n', 'Healthcare Provider\n\nCompany Name\n\n', 'Healthcare Provider\n\nCompany Name\n\n']"
266,"['Finance Specialist\n\nCompany Name\n', 'Financial Accountant\n\nCompany Name\n', 'Associate Auditor\n\nCompany Name\n', 'Audit Staff\n\nDaily allowance of PHP50\n']"
267,"['Customer Service Advocate\n\nCompany Name\n\n', 'Collection Specialist II\n\nCompany Name\n\n', 'Teller/Sales Associate\n\nCompany Name\n\n', 'Collections Specialist\n\nCompany Name\n\n', 'Dispatcher\n\nCompany Name\n\n', 'Customer Service /Sales Associate\n\nCompany Name\n\n', 'Inside Sale Representative\n\nCompany Name\n\n']"
27,"['Group Fitness Coordinator\n\nCompany Name\n', 'Private Childcare Provider\n\nCity\n\n', 'Fitness Instructor\n\nYMCA of the Suncoast, Highland Recreation Complex\n']"
270,"['\nHR Customer Service Representative\n\n', ' days.\nConsultant Project Manager\n\n', '% for this start-up venture.\nLiaison Officer\n\n']"
271,"['Finance Director\n\nCompany Name\n\n', 'Finance Director\n\nCompany Name\n\n', 'Associate Finance Director\n\nCompany Name\n\n', 'Finance Manager\n\nCompany Name\n\n', 'Finance Manager\n\nCompany Name\n\n', 'Senior Financial Analyst\n\nCompany Name\n\n', 'Senior Financial Analyst\n\nCompany Name\n\n', 'Senior Internal Auditor\n\nCompany Name\n\n']"
274,"['Operations Manager\n\nCompany Name\n\n', 'Management Assistant\n\nCompany Name\n\n', 'Fleet Service Clerk\n\nCompany Name\n\n', 'Personal Fitness trainer\n\nCompany Name\n\n']"
276,[]
277,[]
281,"['Information Technology Manager/Analyst\n\n,\n', 'Manager\n\n,\n', 'Web Communications Manager\n\n,\n']"
282,[]
283,"['Accountant\n\nCompany Name\n\n', 'Accounts Receivable Clerk\n\nCompany Name\n\n', 'Mortgage Underwriter\n\nCompany Name\n\n', 'Commercial Auto Underwriter\n\nCompany Name\n\n', 'Personal Auto Underwriter\n\nCompany Name\n\n', 'Claims Examiner\n\nCompany Name\n\n']"
284,"['GENERAL MANAGER\n\nCompany Name\n\n', 'ADMINISTRATIVE SECRETARY ASSISTANT, FUNDRAISING COORDINATOR\n\nCompany Name\n\n', 'ASSISTANT MANAGER\n\nCompany Name\n\n']"
285,"['Operations Manager\n\nCompany Name\n', 'Operations Manager\n\nCompany Name\n', 'Administrator\n\nCompany Name\n']"
286,"['Finance Director\n\nCompany Name\n\n', 'Finance Officer\n\nCompany Name\n\n', 'Accounting Staff\n\nCompany Name\n\n']"
291,"['Fitness Instructor\n\nCompany Name\n', 'Sales Associate\n\nCompany Name\n', 'Sterilization Technician\n\nCompany Name\n']"
292,"['Company Name\n\nFinance Specialist\n', 'Company Name\n\nCMA Analyst\n\n', 'Trade-spend and trade promotions reconciliationCompany Name\n\nCredit Representative II\n\n', 'Company Name\n\nCredit Representative I - Contractor\n\n', 'Company Name\n\nA/R Manager\n\n', 'Company Name\n\nAccounts Receivables\n\n', 'Company Name\n\nDepartment Manager - A/R Unit and Collections\n\n']"
295,"['Organized, prioritized and managed plant maintenance projects to keep facility safe, efficient and clean.\nENGINEERING LAB MANAGER\n\n', 'stream leaders, quality engineers and manufacturing engineers.\nMACHINIST/ASSEMBLER\n\n']"
296,"['Administrative Assistant\n\nCompany Name\n\n', 'Multi-Media/Graphic Arts Secretary\n\nCompany Name\n\n', 'Point of Sale Manager\n\nCompany Name\n\n', 'Senior Secretary\n\nCompany Name\n\n', 'Executive Secretary\n\nCompany Name\n\n', 'Multi-Media/Graphic Arts Secretary\n\nCompany Name\n\n', 'Executive Assistant\n\nCompany Name\n\n', 'Administrative Assistant\n\nCompany Name\n\n', 'Point of Sale Manager\n\nCompany Name\n\n']"
298,"['Operations and Finance Manager\n\nCompany Name\n\n', 'Financial Analyst\n\nCompany Name\n\n', 'Labor Budget Analyst\n\nCompany Name\n\n', 'Manager of Collections and Enforcement\n\nCompany Name\n\n', 'Assistant Administrator\n\nCompany Name\n\n']"
299,['Assistant Accountant\n\nCompany Name\n']
3,"['Company Name\n\nCity\n', 'Company Name\n\nCity\n', 'Company Name\n\nCity\n', 'Company Name\n\nCity\n']"
30,"['PROJECT ACCOUNTANT\n\nCompany Name\n\n', 'ASSISTANT TO VICE PRESIDENT\n\nCompany Name\n\n', 'OWNER\n\nCompany Name\n\n', 'ASSISTANT PROJECT MANAGER\n\nCompany Name\n\n', 'PROJECT MANAGER\n\nCompany Name\n\n', 'PROJECT COORDINATOR\n\nCompany Name\n\n', 'EXECUTIVE ASSISTANT\n\nCompany Name\n\n']"
300,"['Company Name\n\nï¼\u200b\n', 'Company Name\n\nï¼\u200b\n', 'Company Name\n\nï¼\u200b\n']"
301,"['Company Name\n\n-\n', 'Company Name\n\n-\n', 'Company Name\n\n-\n', 'Company Name\n\n-\n']"
302,"['HR Manager\n\nCompany Name\n', 'Human Resources Consultant\n\nCompany Name\n', 'Human Resources Manager\n\nCompany Name\n']"
303,"['HR Clerk\n\nCompany Name\n', 'Administrative Coordinator\n\nCompany Name\n', 'Administrative Assistant/Bookkeeper\n\nCompany Name\n', 'Clerical II\n\nCompany Name\n', 'Executive Secretary\n\nCompany Name\n']"
304,"['Staff Accountant\n\nCompany Name\n', 'Federal Accountant\n\nCompany Name\n', 'Resource Officer\n\nCompany Name\n', 'Financial Management Resource Analyst\n\nCompany Name\n']"
307,"['Director, Finance\n\nCompany Name\n\n', 'Senior Manager, Acquisition Integration\n\nCompany Name\n\n', 'Senior Manager, Finance\n\nCompany Name\n\n', 'Program Manager, Finance\n\nCompany Name\n\n', 'Manager, Finance\n\nCompany Name\n\n', 'Senior Financial Analyst, Finance\n\nCompany Name\n\n', 'Competitive Pricing Analyst, Finance\n\nCompany Name\n\n', 'Cost Schedule Analyst\n\nCompany Name\n\n']"
309,"['Company Name\n\nHR Director/Administrator\n\n', 'Company Name\n\nExecutive Administrator\n\n', 'Company Name\n\nSenior Administrator\n\n', 'Company Name\n\nAdministrative Assistant\n\n', 'Company Name\n\nAdministrative Assistant\n\n']"
310,"['Accountant\n\nCompany Name\n\n', 'District Administrative Manager\n\nCompany Name\n\n', 'Business Manager\n\nCompany Name\n\n', 'Staffing Manager\n\nCompany Name\n\n', 'Accounting Manager\n\nCompany Name\n\n', 'General Merchandise Department Manager\n\nCompany Name\n\n', 'Accounting Software Consultant\n\nCompany Name\n\n', 'Accountant\n\nCompany Name\n\n']"
312,"['Director of Information Technology\n\nCompany Name\n', 'Network Engineer/I.T. Manager\n\nCompany Name\n', 'Network Administrator/Help Desk Manager\n\nCompany Name\n']"
315,"['State\n\nAccountant\n\n', 'State\n\nStaff Accountant\n\n', 'State\n\nStaff Accountant\n\n', 'State\n\nAccounting Assistant\n\n']"
318,"['Finance Manager\n\nCompany Name\n\n', 'Project Manager\n\nCompany Name\n\n', 'Bookkeeper\n\nCompany Name\n\n', 'Operations Manager\n\nCompany Name\n\n', 'Service Administrator\n\nCompany Name\n\n', 'Office Manager\n\nCompany Name\n\n']"
319,"['Company Name\n\nHR Assistant\n\n', 'Company Name\n\nClient Service Representative\n\n', 'Company Name\n\nAssistant / Office Manager\n\n', 'Company Name\n\nObstetrician Technician\n\n', 'Company Name\n\nPharmacy Technician\n\n']"
322,"['Payroll Accountant\n\nCompany Name\n\n', 'Accounts Receivable\n\nCompany Name\n\n', 'Accounting/Finance Intern\n\nCompany Name\n\n']"
324,"['Director of Finance\n\nCompany Name\n\n', 'Director of Finance - UHC M&R\n\nCompany Name\n\n', 'Manager - Operations Support and Planning\n\nCompany Name\n\n', 'Lead Business Analyst\n\nCompany Name\n\n', 'Senior Business Analyst\n\nCompany Name\n\n', 'Senior Business Analyst\n\nCompany Name\n\n']"
328,[]
33,"['Accountant\n\nCompany Name\n', 'SAP Consultant\n\nCompany Name\n', 'Financial Analyst\n\nCompany Name\n', 'Accountant\n\nCompany Name\n']"
332,"['Company Name\n\nCity\n', 'Company Name\n\nCity\n', 'Company Name\n\nCity\n', 'Administrative Officer\nCETENA GROUP â€“ Kabul, Afghanistan\n']"
333,"['FINANCE SPECIALIST\n\nCompany Name\n\n', 'BOOKKEEPER\n\nCompany Name\n\n', 'OFFICE MANAGER, BOOKKEEPER\n\nCompany Name\n\n', 'TITLE AND ESCROW AGENT\n\nCompany Name\n\n', 'FULL CHARGE BOOKKEEPER/REAL ESTATE SALEPERSON\n\nCompany Name\n\n']"
334,"['Professional Fitness Trainer, Group Instructor\n\nCompany Name\n\n', 'Manager/Certified Personal Trainer\n\nCompany Name\n\n', 'Kenny G (World Class Saxaphone Performer).Massage Therapist\n\nCompany Name\n\n', 'Professional Triathlete\n\nCompany Name\n\n', 'Hostess\n\nCompany Name\n\n', 'Membership Manager\n\nCompany Name\n\n']"
337,"['Company Name\n\nï¼\u200b\n', 'Company Name\n\nï¼\u200b\n', 'Company Name\n\nï¼\u200b\n']"
338,"['Customer Service Advocate\n\nCompany Name\n', 'Sales Manager\n\nCompany Name\n', 'Sales Manager\n\nCompany Name\n', 'Data Entry operator\n\nCompany Name\n', 'Loan Servicing Representative\n\nCompany Name\n']"
340,"['Customer Care Advocate\n\nCompany Name\n\n', 'Customer Care Representative\n\nCompany Name\n\n', 'Makeup Artist\n\nCompany Name\n\n', 'Server/Waitress\n\nCompany Name\n\n', 'Skincare Specialist\n\nCompany Name\n\n', 'Beauty Advisor Manager\n\nCompany Name\n\n', 'Server/Waitress\n\nCompany Name\n\n', 'Makeup Artist\n\nCompany Name\n\n', 'Skincare Specialist\n\nCompany Name\n\n', 'Beauty Advisor Manager\n\nCompany Name\n\n']"
342,"['Staff Accountant\n\nCompany Name\n\n', 'Senior Accountant\n\nCompany Name\n\n', 'Tax Analyst\n\nCompany Name\n\n', 'Staff Accountant II\n\nCompany Name\n\n', 'Staff Auditor II\n\nCompany Name\n\n']"
344,"['Group Fitness Instructor\n\nCompany Name\n\n', 'Group Fitness Instructor\n\nCompany Name\n\n', 'Fitness Instructor\n\nCompany Name\n\n', 'Group Fitness Instructor\n\nCompany Name\n\n', 'Pharmaceutical Sales Representative\n\nCompany Name\n\n', 'Product Marketing Specialist\n\nCompany Name\n\n', 'Public Relations Representative\n\nCompany Name\n\n', 'Trainer/Coach\n\nCompany Name\n\n']"
346,"['Accountant\n\nCompany Name\n', 'Accounting Clerk\n\nCompany Name\n', 'Church Administrator\n\nCompany Name\n']"
348,"['State\n\nAdministrative Assistant\n\n', 'State\n\nAdministrative Assistant II\n\n', 'State\n\nEA/Project Manager\n\n', 'State\n\nEA/Supervising Corporate Assistant\n\n', 'State\n\nEA/Corporate Assistant\n\n', 'State\n\nExecutive Assistant\n\n']"
349,"['Corporate Director of Finance\n\nCompany Name\n\n', 'Senior Manager of Finance\n\nCompany Name\n\n', 'Senior Manager\n\nCompany Name\n\n', 'Operations Analyst\n\nCompany Name\n\n', 'Budget and Reporting Analyst\n\nCompany Name\n\n', 'Staff Accountant\n\nCompany Name\n\n', 'Took on a more active role in monitoring of fixed assets.\nCompany Name\n\n', 'General Manager\n\nCompany Name\n\n']"
351,"['Customer Service Specialist\n\nCompany Name\n', 'Framing Expert\n\nCompany Name\n', 'Summer Intern\n\nCompany Name\n']"
352,"['VP of Information Technology\n\nCompany Name\n\n', 'VP of Information and Security Technology\n\nCompany Name\n\n', 'Director of Information Technology\n\nCompany Name\n\n', 'Information Technology Manager\n\nCompany Name\n\n', 'Application Developer\n\nCompany Name\n\n', 'Electronics Technician\n\nCompany Name\n\n']"
353,"['Director of Information Technology\n\nCompany Name\n', 'Team Leader\n\nCompany Name\n', 'Chief Information Officer\n\nCompany Name\n', 'Director of Applications Development\n\nCompany Name\n']"
355,"['Group Fitness Instructor\n\nCompany Name\n\n', 'Yoga & Group Fitness Instructor\n\nCompany Name\n\n', 'Yoga & Group Fitness Instructor\n\nCompany Name\n\n', 'Group Fitness Instructor\n\nCompany Name\n\n', 'Yoga & Group Fitness Instructor\n\nCompany Name\n\n', 'Group Fitness Instructor\n\nCompany Name\n\n', 'Group Fitness Instructor\nCompany Name\n\n']"
360,[]
363,"['Group Fitness Instructor\n\nCompany Name\n', 'Assistant\n\nAn Assistant\n\n']"
367,"['HR Manager\n\nCompany Name\n\n', 'Sr. HR Generalist\n\nCompany Name\n\n', 'HR Representative\n\nCompany Name\n\n', 'Employment Specialist\n\nCompany Name\n\n', 'HR Generalist\n\nCompany Name\n\n', 'Human Resources Specialist\n\nCompany Name\n\n', 'Human Resources Coordinator\n\nCompany Name\n\n', 'HR Assistant\n\nCompany Name\n\n']"
369,"['Director of Information Technology\n\n,\n', 'Network Services Manager\n\n,\n', 'Data Communications Analyst\n\n,\n', 'Electronics Technician\n\n,\n']"
376,[]
377,"['Company Name\n\nFinance Manager\n\n', 'Company Name\n\nPortfolio Administrator\n\n', 'Company Name\n\nStaff Accountant\n\n', 'Company Name\n\nAdvanced Staff Auditor\n\n']"
378,"['Company Name\n\nHR Analyst\n\n', 'Company Name\n\nHR Coordinator\n\n', 'Company Name\n\nSenior HR Coordinator Sales\n\n']"
379,"['Finance Assistant\n\nCompany Name\n\n', 'CSR\n\nCompany Name\n\n', 'Title Clerk\n\nCompany Name\n\n', 'Cashier/Receptionist\n\nCompany Name\n\n', 'Cashier/CSR\n\nCompany Name\n\n']"
380,"['Senior HR\n\nCompany Name\n\n', 'Industrial Development DirectorDanone - Minster, OHDevelopment of consistent technical training to assure\n', 'Environmental, Health & Safety DirectorDannon - Minster, OHEstablished and led regional safety and\n', 'lead to assure bench strength in industrial manager and supervisor roles.\nCompany Name\n', 'Reason left - trailing spouse.\nCompany Name\n', 'Reason left - plant closure Human Resource ManagerIngersoll-Rand ARO Fluid Products Division - Angola,\n', 'Human Resource ManagerHendrickson Truck Suspension - Kendallville, INOversaw human resource\n']"
381,[]
384,"['Special projects as required.\nAccounting Coordinator Associate\n\n', 'Assisted with testing, identifying gaps and recommending new improvements on processing work more efficiently.\nAuditor\n\n', ""Document sessions to track reviewer's progress and provide improvement based on my analysis.\nClaims reviewer\n\n"", 'Trained and coached lower level claims reviewer.\nPayment Analyst\n\n', 'Performed other duties as assigned by supervisor or manager.\nTrust Control Reconciliation Specialist\n\n']"
385,"['Fitness Consultant\n\nCompany Name\n', 'Also, did outside marketing to help drive in business and conducted calls to prospective members.\n08/2012\n\nto\n05/2013']"
386,"['Company Name\n\nCity\n', 'Company Name\n\nCity\n', 'Company Name\n\nCity\n', 'Company Name\n\nCity\n', 'Company Name\n\nCity\n', 'Company Name\n\nCity\n']"
387,"['Senior Accountant\n\nCompany Name\n\n', 'Accountant II\n\nCompany Name\n\n', 'Accountant II\n\nCompany Name\n\n', 'Associate\n\nCompany Name\n\n']"
389,"['Vice President, Corporate Finance\n\nCompany Name\n\n', 'Vice President/Controller\n\nCompany Name\n\n', 'Corporate Controller\n\nCompany Name\n\n', 'Managed the accounting and financial reporting over the new construction and operations of a large community hospital.Audit Professional\n\nCompany Name\n\n']"
394,"['for motivating citizen participation requiring extensive library database research.\nRELEVANT COURSE PROJECTS\n', 'charts Manage all job openings on various job boards including local colleges and passionately pursue potential candidates at career fairs\nSupport all HR activities including resolving internal matters as needed to ensure smooth, efficient functioning of HR department.\n']"
397,"['Customer Care Representative\n\n,\n']"
4,"['\nStaff Accountant\n\n', 'the medical and dental plans.\nAdministrative Assistant\n\n', '(WIA) budget expenditures.\nAccounting Supervisor I\n\n', 'Assisted with staff hiring decisions and HR policies and procedures, including interview criteria, benefit administration, personnel dispute resolution,\nand leave policies. Reviewed HR documents, delegations of authority, and acting status papersAccounting Technician II\n\n']"
403,"['Accountant\n\nCompany Name\n', 'Customer Service Rep\n\nCompany Name\n', 'Store Manager\n\nCompany Name\n']"
404,"['Finance Officer\n\n,\n', 'Tourism Assistant\n\n,\n', 'Finance Officer and Acting BIR Representative\n\n,\n', 'Account Examiner\n\n,\n']"
406,"['Manager / Fitness Instructor\n\nCompany Name\n\n', 'Cocktail Waitress\n\nCompany Name\n\n', 'Waitress\n\nCompany Name\n\n', 'Waitress\n\nCompany Name\n\n', 'Waitress / Cocktail Server / Beer Tub\n\nCompany Name\n\n']"
42,"['Assistant Manager - HR\n\n,\n', 'Assistant Manager - HR\n\n,\n', 'Assistant Manager - HR\n\n,\n']"
421,"['Information Technology Supervisor\n\nCompany Name\n\n', 'Information Technology Technician\n\nCompany Name\n\n', 'Radiology Technologist\n\nCompany Name\n\n', 'Command Post Controller\n\nCompany Name\n\n']"
425,"['Information Technology Manager\n\nCompany Name\n\n', 'Computer Manufacturing Supervisor\n\nCity\n', 'Quality Assurance Supervisor\n\nCompany Name\n\n']"
427,['Community Advocate\n\nCompany Name\n\n']
428,"['Accountant\n\nCompany Name\n', 'Financial Analyst\n\nCompany Name\n', 'Accounting Specialist\n\nCompany Name\n', 'Title Specialist\n\nCompany Name\n', 'General Manager\n\nCompany Name\n']"
43,"['State\n\nHR COORDINATOR\n\n', 'State\n\nHUMAN RESOURCES/OFFICE MANAGER\n\n']"
430,"['Accountant I\n\nCompany Name\n\n', 'Staff Accountant/General Accounting Supervisor\n\nCompany Name\n\n', 'Accounts Payable Clerk\n\nCompany Name\n\n', 'Tax Associate\n\nCompany Name\n\n', 'Associate Administrative Assistant\n\nCompany Name\n\n', 'Administrative Assistant/Bookkeeper\n\nCompany Name\n\n', 'Work-Study Student Employee\n\nCompany Name\n\n', 'Work-Study Student Employee\n\nCompany Name\n\n']"
431,"['Accountant\n\nCompany Name\n\n', 'Sales & Use Tax Administrator\n\nCompany Name\n\n', 'Accounting Associate\n\nCompany Name\n\n', 'Government Collections Representative\n\nCompany Name\n']"
435,"['State\n\nAccounting and Finance Supervisor\n\n', 'State\n\nAdministrator/Accountant\n', 'State\n\nAssistant Controller\n\n', 'State\n\nSeasonal Tax Advisor\n', 'State\n\nAccount Executive\n']"
436,[]
440,"['Finance Director\n\nCompany Name\n', 'Corporate Controller\n\nCompany Name\n', 'SR Tax Analyst\n\nCompany Name\n']"
442,"['Company Name\n\nï¼\u200b\n', 'Assistant Operations Manager\nOversee daily operations of the department of 15 staff members.\n', 'Item Fraud Coordinator\n\nCompany Name\n', 'Bank Teller\n\nCompany Name\n']"
455,"['Accountant III\n\nCompany Name\n', 'Credit / Collections Analyst\n\nCompany Name\n', 'Accounting Coordinator\n\nCompany Name\n']"
458,"['HR Manager\n\nCompany Name\n\n', 'Sr. HR Manager\n\nCompany Name\n\n', 'HR Director\n\nCompany Name\n\n', 'HR Representative\n\nCompany Name\n\n']"
46,"['Company Name\nCompletion of opening customer account using National bank of Egypt system.\n', 'Dealing directly with customers either by telephone, electronically or face to face.\nRespond promptly to customer inquiries.\n', 'General Accountant\n\nCompany Name\n', 'General Accountant\n\nCompany Name\n']"
463,"['Patient Advocate\n\nCompany Name\n\n', 'Tax Preparer/Office Manager\n\nCompany Name\n\n', 'Tax Preparer/Office Manager\n\nCompany Name\n\n']"
464,"['Customer Service Rep\n\nCompany Name\n\n', 'Aprentice Tech\n\nCompany Name\n\n']"
465,"['Company Name\nInformation Systems Specialist\n\n', ' Helpdesk.\nCable Installer and Maintainer\n\n', 'Accountable for thousands of dollars of equipment to include Fluke Networks Products.\nOperator\n\n']"
467,"['%.Awarded with the Tech of the quarter for contributions to mission.\nInformation Technology Specialist\n\n', 'performance measures and key performance parameters.\nSystems Engineer\n\n', 'Recommend architectural improvements, design solutions and integration solutions.\nSystems Engineer Associate\n\n']"
47,"['Company Name\n\nCity\n', 'Company Name\n\nCity\n', 'Company Name\n\nCity\n', 'Company Name\n\nCity\n']"
475,"['Finance Manager\n\nCompany Name\n\n', 'Accounting Technician\n\nCompany Name\n\n', 'Owner/Bookkeeper\n\nCompany Name\n\n', 'Office Manager\n\nCompany Name\n\n']"
476,"['State\n\nFitness Instructor\n\n', 'State\n\nOffice Assistant/Server\n\n', 'State\n\nWellness Coordinator/Group Instructor\n\n']"
480,"['DIRECTOR OF FINANCE\n\nCompany Name\n\n', 'CHIEF FINANCIAL OFFICER\n\nCompany Name\n\n', 'DIRECTOR OF FINANCE\n\nCompany Name\n\n', 'DIRECTOR OF FINANCE AND ADMINISTRATION\n\nCompany Name\n\n']"
481,"['HR Employee Relations Specialist\n\nCompany Name\n', 'Store Operations Associate\n\nCompany Name\n', 'Clerical/Staff Associate IV\n\nCompany Name\n']"
482,[]
483,"['Information Technology Specialist\n\n,\n', 'Computer Systems Administrator\n\n,\n', 'Information Assurance/Network Security\n\n,\n']"
487,"['Accountant\n\nCompany Name\n\n', 'Accountant\n\nCompany Name\n\n', 'Staff Accountant/ Lease Administrator\n\nCompany Name\n\n', 'Assistant Claim Approver\n\nCompany Name\n\n', 'Proof Operator\n\nCompany Name\n\n', 'Billing Associate\n\nCompany Name\n\n', 'Account Receivable Clerk\n\nCompany Name\n\n']"
489,"['HR Coordinator\n\nCompany Name\n\n', 'Owner/Operator\n\nCompany Name\n\n', 'Office Manager\n\nCompany Name\n\n']"
490,"['Retreat center\nCustomer Service Specialist Contractor\n\n', 'Follows up with customers on unresolved issues.\nOutreach Pastor\n\n', ""Facilitates a Starting Point class as the first step in an attendee's connection and involvement in the church.\nQuality Assurance Analyst\n\n"", 'Coached and trained entry level to senior employees on policy changes affecting customer satisfaction.\nCustomer Service Representative\n\n', 'Asked open-ended questions to assess customer needs.\nShift Supervisor/Manager\n\n', 'Implemented innovative programs to increase employee loyalty and reduce turnover.\nTeacher and Coach\n\n']"
494,"['State\n\nInformation Technology Manager\n\n', 'State\n\nTechnical Project Lead\n\n', 'State\n\nSystems Engineer\n\n', 'State\n\nNetwork Analyst\n\n', 'State\n\nNight Desk Supervisor\n\n', 'State\n\nSenior Network Engineer\n\n', 'State\n\nNetwork Analyst\n\n', 'State\n\nNetwork Support Specialist\n\n', 'State\n\nService Manager\n\n']"
496,"['Company Name\n\nContract Accountant\n\n', 'Company Name\n\nQuality Manager\n\n', 'Company Name\n\nSenior Staff Accountant Promoted to Quality Manager\n\n', 'Company Name\n\nStaff Accountant\n\n', 'Company Name\n\nStaff Accountant\n\n', 'Company Name\n\nAccounts Receivable\n\n']"
497,"['Accountant II\n\n,\n', 'Human Resources and Compliance Assistant\n\n,\n', 'Accounting Assistant\n\n,\n']"
502,"['Maintain the Assets Register and calculate the depreciation on monthly basis.\nCredit Controlling, taking care of collection as well as controlling the entire branch finance Operation.\n', 'Guarantee and Export documentation preparation, creditors bills processing; Service Tax, Central Excise, PF, ESI Etc.\nKolkata | Finance Officer\n\n', 'Etc.\nKolkata | Account Assistant\n\n']"
505,"['Accountant\n\n,\n', 'Branch Service Specialist\n\n,\n', 'Cashier\n\n,\n', 'Completed tasks quickly and handled multiple responsibilities at the same time.\n\n,\n', 'Branch Service Specialist\n\n,\n', 'Cashier\n\n,\n']"
506,"['Finance Manager\n\nCompany Name\n\n', 'Finance Manager/Director\n\nCompany Name\n\n', 'Finance Manager/Senior Analyst\n\nCompany Name\n\n', 'Financial Consultant\n\nCompany Name\n\n', 'Finance Manager\n\nCompany Name\n\n', 'Integrated the daily finance support of Institutional Trust acquisitionsSenior/Lead Analyst\n\nCompany Name\n\n']"
51,"['Information Technology Specialist\n\n,\n', 'Shift Leader\n\n,\n', 'Customer Service Representative\n\n,\n', 'Chef\n\n,\n', 'Information Technology Specialist\n\n,\n', 'Shift Leader\n\n,\n', 'Customer Service Representative\n\n,\n', 'Chef\n\n,\n']"
510,"['Tax Accountant\n\n,\n', 'Intern\n\n,\n', 'Wholesale Banking Intern\n\n,\n', 'Tax Accountant\n\n,\n', 'Intern\n\n,\n', 'Wholesale Banking Intern\n\n,\n']"
511,"['VP Finance & IS&T\n\nCompany Name\n\n', 'VP Global Digital and US Sales\n\nCompany Name\n\n', 'VP Finance\n\nCompany Name\n\n', 'Manager\n\nCompany Name\n\n', 'Corporate Controller\n\nCompany Name\n\n', 'Corporate Controller\n\nCompany Name\n\n']"
514,"['HR Specialist\n\nCompany Name\n', 'HR Analyst\n\nCompany Name\n', 'Manager, Classification/Compensation\n\nCompany Name\n', 'Manager, Recruitment/Classification/Compensation\n\nCompany Name\n', 'Senior HR Analyst\n\nCompany Name\n', 'Senior HR Analyst\n\nCompany Name\n', 'Training And Development Specialist\n\nCompany Name\n']"
516,"['Assistant Director of Finance\n\nCompany Name\n', 'Planning and Analysis Manager\n\nCompany Name\n', 'Senior Analyst\n\nCompany Name\n', 'Senior Consolidations Accountant\n\nCompany Name\n', 'General Ledger Accountant\n\nCompany Name\n']"
52,"['Corporate Accountant\n\nCompany Name\n\n', 'VP of Finance/Operations\nCompany Name\n\n', 'Controller/Office Manager\n\nCompany Name\n\n', 'IT Administrator\n\nCompany Name\n\n', 'Assistant Controller\n\nCompany Name\n\n', 'Property Accountant\n\nCompany Name\n\n', 'Controller/Accounting Manager\n\nCompany Name\n\n', 'Charge Accountant\n\nCompany Name\n\n', 'Production Manager/Accounting Supervisor\n\nCompany Name\n\n']"
521,"['Assistant to CFO\n\nCompany Name\n\n', 'Charter Sales Rep and Flight Dispatcher\n\nCompany Name\n\n', 'Charter Sales and Flight Dispatcher\n\nCompany Name\n\n']"
522,"['Information Technology Specialist\n\nCompany Name\n', 'Computer Specialist\n\nCompany Name\n', 'Computer Specialist\n\nCompany NameÂ\n', 'Mathematical Statistician\n\nCompany Name\n']"
526,"['HR Specialist\nCompany Name\n\n', 'Leasing Agent\n\nCompany Name\n\n', 'Administrative Assistant\n\nCompany Name\n\n', 'French Speaking Executive Assistant\n\nCompany Name\n\n', 'Exhibitor Services Representative\n\nCompany Name\n\n', 'Payroll Clerk\n\nCompany Name\n\n']"
530,"['Finance Office Associate\n\nCompany Name\n', ""DEAN'S ASSIOCIATE\n\nCompany Name\n"", 'ASSISTANT CASH OFFICER\n\nCompany Name\n', 'COMMERCIAL BANK INTERN\n\nCompany Name\n']"
531,"['Finance Manager\n\nCompany Name\n\n', 'Chief Financial Officer, CFO\n\nCompany Name\n\n', 'Manager Audit\n\nCompany Name\n\n', 'Assistant Manager\n\nCompany Name\n\n', 'Senior Auditor\n\nCompany Name\n\n']"
532,"['Company Name\n\nCity\n', 'Company Name\n\nCity\n', 'Company Name\n\nCity\n', 'Company Name\n\nCity\n', 'Company Name\n\nCity\n']"
537,"['Customer Advocate\n\nCompany Name\n\n', 'Caregiver\n\nCompany Name\n\n', 'Club Connect Team Member\n\nCompany Name\n\n']"
54,"['State\n\nAccountant\n\n', 'State\n\nInventory Control Manager\n\n', 'State\n\nAccounting Manager\n\n', 'State\n\nFull Charge Bookkeeper\n\n']"
540,"['Quickly respond to crisis situations when severe mental health and behavioral issues arose.\nTeacher\n\n', 'Teach students personal development skills, such as goal setting, independence, or self- advocacy.\nTeacher\n\n', 'Teach students personal development skills, such as goal setting, independence, or self- advocacy.\nMental Health Case Manager\n\n', 'Refer patients, clients, or family members to community resources or to specialists as necessary.\nTeacher\n\n']"
542,"['Accountant\n\n,\n', 'November\n\n,\n']"
547,"['Manager of Finance\n\n,\n', 'Insurance Agent\n\n,\n', 'Grocery Manager\n\n,\n', 'Manager\n\n,\n']"
552,"['Information Technology Manager\n\nCompany Name\n\n', 'System Analyst\n\nCompany Name\n\n', 'Graduate Assistant-Technical Writer\n\nCompany Name\n\n', 'Co-Founder, Business Manager\n\nCompany Name\n\n', 'Applications Developer\n\nCompany Name\n\n', 'Programmer Analyst\n\nCompany Name\n\n']"
557,"['Finance Officer\n\n,\n', 'Tourism Assistant\n\n,\n', 'Finance Officer and Acting BIR Representative\n\n,\n', 'Account Examiner\n\n,\n']"
560,"['Senior Information Technology Manager\n\nCompany Name\n\n', 'Senior Information Systems Professional\n\nCompany Name\n\n', 'Network Support Engineer\n\nCompany Name\n\n', 'Senior Technician\n\nCompany Name\n\n']"
566,"['HR Specialist\n\nCompany Name\n', 'HR Specialist\n\nCompany Name\n', 'HR/Benefits Clerk\n\nCompany Name\n', 'HR Clerk\n\nCompany Name\n', 'Receptionist\n\nCompany Name\n', 'Administrative Assistant\n\nCompany Name\n']"
57,"['Company Name\n\nManager\n\n', 'Company Name\n\nManager\n\n', 'Company Name\n\nPersonal Trainer\n\n', 'Company Name\n\nPersonal Trainer/Small Group Instructor\n\n', 'Company Name\n\nQuality Assurance Specialist\n\n', 'Company Name\n\nVerifications Specialist\n\n', 'Company Name\n\nCustomer Service Associate\n\n']"
570,"['Customer Service Agent\n\nCompany Name\n\n', 'File Clerk\n\nCompany Name\n\n', 'DME Billing Specialist\n\nCompany Name\n\n', 'BILLING DOCUMENT SPECIALIST\n\nCompany Name\n\n']"
571,"['HR Coordinator\n\nCompany Name\n\n', 'Payroll/Staffing Coordinator\n\nCompany Name\n\n', 'Tax Clerk/Secretary\n\nCompany Name\n\n', 'General Appraisal/Data Entry Clerk\n\nCompany Name\n\n', 'Customer Service Rep\n\nCompany Name\n\n']"
572,['Accountant\n\nCompany Name\n\n']
576,"['State\n\nHR Manager\n\n', 'State\n\nHR & Admin.Manager\n\n', 'State\n\nGeneral Administration Asst. Chief\n\n']"
579,"['State\nCompany Name\n\n', 'referrals, and client reviews.\nCompany Name\n\n']"
58,"['Company Name\n\nCity\n', 'Company Name\n\nCity\n', 'Company Name\n\nBenefits Administrator\n', 'Company Name\n\nCity\n']"
580,"['Delegated Finance and Admin Manager and Finance\nOfficer\n\n', 'are initiated.\nSenior Accountant\n\n', 'and timely Controlled staff benefits like; insurance, medical, PF etc.\nAccountant\n\n']"
581,"['STAFF ACCOUNTANT\n\nCompany Name\n', 'ACCOUNTS PAYABLE REPRESENTATIVE\n\nCompany Name\n']"
585,"['Personal Trainer\n\nCompany Name\n\n', 'Fitness Manager\n\nCompany Name\n\n']"
589,"['Company Name\n\nAccountant III\n\n', 'Company Name\n\nAssistant Accountant\n\n', 'Company Name\n\nAccounting Clerk B\n\n', 'Company Name\n\nAccounting Instructor\n\n', 'Company Name\n\nStudent Accounts Representative/Bookkeeper\n\n']"
592,"['Responsible for training and development of Co-General Managers in North east region.\nCompany Name\n\n', 'Responsible for all customer pick up and deliveries.\nCompany Name\n\n', 'management in delivery, pick-up, and business matters.\nCompany Name\n\n', 'Using independent discretion in maximizing profits, contain cost, and hold employees accountable.\nCompany Name\n\n', 'Delivered all products through company brand trucking.\nCompany Name\n\n', 'Decision making, problem solving, strategic planning, and data analysis skills.\nCompany Name\n\n', 'Strong external relationships with local business owners and management.\nCompany Name\n\n']"
593,"['Human Resources Manager\n\nCompany Name\n\n', 'Fitness Consultant\n\nCompany Name\n\n', 'Fitness Consultant\n\nCompany Name\n\n', 'Supervisor\n\nCompany Name\n\n', 'Supervisor\n\nCompany Name\n\n', 'Administrative Clerk\n\nCompany Name\n\n']"
594,"['Director of Information Technology\n\n,\n', 'Senior Consulting IT Program Manager\n\n,\n', 'Business Products Specialist\n\n,\n']"
597,"['Accomplishments: chosen by Girls LEAD to facilitate a group of young female campers focused on multi-cultural leadership, service, and\nwellness; aided in program coordination; encouraged youth self-awareness and self-confidence.\n', 'Accomplishments: achieve positive outcomes in participant recruitment and retention and overall student academic performance; develop\nstrong relationships with students, families, and school staff.\n', 'Administrative: managed and maintained the Causa volunteer database and volunteer recruitment efforst; and tracked volunteer engagement\nand voter registration.\n']"
600,"['Finance Director\n\nCompany Name\n', 'Office Administration Department Manager\n\nCompany Name\n', 'Accounts Receivable Coordinator\n\nCompany Name\n', 'Business Manager\n\nCompany Name\n', 'Operations / Graphics Coordinator\n\nCompany Name\n', 'Office Administrator Department Manager\n\nCompany Name\n']"
602,"['HR Assistant\n\nCompany Name\n\n', ' employees at all levels, including executive leadership.\n\nCompany Name\n\n', 'Clerk/Store Manager\n\nCompany Name\n\n', 'Addressed and corrected sales staff communication issues in a tactful and effective manner.Student worker/Multiple departments\n\nCompany Name\n\n', 'HR Generalist\n\nCompany Name\n\n']"
603,"['%.\nStaff Accountant\n\n', 'with school board policies.\nPayroll Administrator\n\n', 'Left this position to attend to a family medical situation that has since been resolved.\nPayroll Specialist\n\n', 'Left this position due to a lay-off within the company.\nStaff Accountant\n\n', 'Prepared journal entries and made adjustments to the general ledger for month-end close.\nPayroll Specialist\n\n', 'Received and processed all employee job verification requests from various businesses and creditors.\nPayroll Accountant\n\n']"
606,"['Accountant I\n\nCompany Name\n\n', 'Intern\n\nCompany Name\n\n', 'Security Officer\n\nCompany Name\n\n']"
610,"['Director of Finance\n\n,\n', 'Director of Finance\n\n,\n', 'Financial Analyst\n\n,\n', 'Director of Finance\n\n,\n']"
614,"['Company Name\n\nFinance Analyst\n', 'Company Name\n\nProcess Associate\n', 'Company Name\n\nProcess Associate\n']"
615,"['Accountant\n\nCompany Name\n', 'Office Assistant\n\nCompany Name\n', 'Assistant\n\nCompany Name\n']"
622,"['Customer Service Agent\n\n,\n', 'Customer Service Representative\n\n,\n', ' Secure Staff\n\n,\n', 'Recreation Assistant\n\n,\n', 'Library Assistant\n\n,\n', 'Customer Service Agent\n\n,\n', ' Secure Staff\n\n,\n', 'Recreation Assistant\n\n,\n', 'Library Assistant\n\n,\n', 'Customer Service Representative\n\n,\n']"
623,"['DIRECTOR OF FINANCE\n\n,\n', 'VP\n\n,\n']"
625,"['HR & Safety Manager\n\nCompany Name\n\n', 'Site Supervisor (HR Generalist)\n\nCompany Name\n\n', 'Senior Bill Pay Support Associate\n\nCompany Name\n\n', 'Commissioned Officer (NCO)\n\nCompany Name\n']"
626,"['Senior Finance Manager\n\nCompany Name\n', 'Ogilvy Public Relations- Client Finance Manager\n\nManage the billing function for the West region.\n', 'Senior Financial Analyst\n\nCompany Name\n', 'Senior Financial Analyst\n\nCompany Name\n']"
627,['improvements.\nHR Generalist\n\n']
628,"['HR Intern\n\nCity\n\n', 'Human Resources Assistant\n\nCompany Name\n\n', 'Freelancer\n\nCity\n\n', 'Recruiter\n\nCompany Name\n\n']"
629,"['Staff Accountant\n\nCompany Name\n\n', 'Staff Accountant\n\nCompany Name\n\n', 'Treasurer\n\nCompany Name\n\n', 'Accounts Receivable/Audit Clerk\n\nCompany Name\n\n', 'Data Analyst Assistant\n\nCompany Name\n\n']"
631,"['HR Associate\n\n,\n', 'HR Intern\n\n,\n', 'Orientation Leader\n\n,\n', 'HR Associate\n\n,\n', 'HR Intern\n\n,\n', 'Orientation Leader\n\n,\n']"
632,"['Branch Manager/Operations Manager\n\nCompany Name\n\n', 'Claims Arbitration Specialist\n\nCompany Name\n\n', 'Claims Subrogation Supervisor\n\nCompany Name\n\n', 'Subrogation Claims Representative\n\nCompany Name\n\n', 'Office Supervisor / Bookseller\n\nCompany Name\n\n']"
634,"['Finance Controller\n\nCompany Name\n\n', 'Administrator\n\nCompany Name\n\n', 'Manager of Finance\n\nCompany Name\n\n', 'Controller\n\nCompany Name\n\n']"
638,"['Customer Advocate\n\nCompany Name\n\n', 'Process and maintain records of customer loans.\nCompany Name\n\n', 'Greet customers and ascertain what each customer wants or needs.\nCompany Name\n\n', 'Help customers try on or fit merchandise.\nCompany Name\n\n']"
64,[]
645,"['Community Advocate\n\nCompany Name\n\n', 'Lead Human Resource Recruiter\n\nCompany Name\n\n', 'Exhibit Creator\n\nCompany Name\n\n']"
650,"['State\n\nInvestment Accountant\n\n', 'State\n\nAML Compliance Officer\n\n', 'State\n\nMedical Technologist\n\n']"
652,[]
654,"['Executive Assistant HR\n\nCompany Name\n\n', 'Biller\n\nCompany Name\n\n', 'Administrative Assistant\n\nCompany Name\n\n', 'Senior Assistant Underwriter\n\nCompany Name\n\n']"
66,"['Accountant\n\nCompany Name\n', 'Administrative Specialist II\n\nCompany Name\n', 'Auditor II\n\nCompany Name\n', 'Accountant\n\nCompany Name\n']"
660,"['Finance Director\n\nCompany Name\n', 'Director of Finance & Human Resources\n\nCompany Name\n', 'Owner/Manager\n\nCompany Name\n', 'Controller\n\nCompany Name\n', 'Accounting Manager\n\nCompany Name\n', 'Accounting Manager\n\nCompany Name\n', 'Accounting Clerk\n\nCompany Name\n']"
661,"['HR Administrator\n\nCompany Name\n\n', 'Human Resources Temp\n\nCompany Name\n\n', 'Recruiting Coordinator\n\nCompany Name\n\n', 'Administrative Assistant\n\nCompany Name\n\n']"
666,"['Sr. HR Generalist\n\nCompany Name\n\n', 'Office Manager\n\nCompany Name\n\n', 'HR Specialist\n\nCompany Name\n\n']"
667,"['Finance Supervisor\n\nCompany Name\n\n', 'Senior Mutual Fund Accountant\n\nCompany Name\n\n', 'Accounting/Finance Internship\n\nCompany Name\n\n']"
668,"['Fitness Instructor\n\n,\n', 'Owner\n\n,\n', 'Central Regional Manager\n\n,\n']"
669,"['Company Name\n\nFinance\n', 'Company Name\n\nSenior Financial Analyst\n\n', 'Company Name\n\nRetail Analyst\n\n', 'Company Name\n\nTreasury Assistant\n\n']"
67,['IT Technology Specialist\n\nCompany Name\n\n']
675,['HR Coordinator\n\nCompany Name\n\n']
676,"['Financial Accountant\n\n,\n', 'Solar Energy Consultant\n\n,\n', 'Solar Energy Consultant\n\n,\n', 'Business Analyst III\n\n,\n', 'Treasury Analyst\n\n,\n', 'Analyst\n\n,\n', 'Regulatory Reporting Supervisor\n\n,\n']"
677,"['Director of Information Technology\n\nCompany Name\n\n', 'Manager of Information\n\nCompany Name\n\n']"
68,"['Senior HR Business Partner\n\nCompany Name\n\n', 'HR & Safety Manager\n\nCompany Name\n\n', 'HR Supervisor\n\nCompany Name\n\n']"
682,"['HR Generalist\n\nCompany Name\n\n', 'HR Representative\n\nCompany Name\n\n', 'Human Resources Coordinator\n\nCompany Name\n\n', 'HR Generalist\n\nCompany Name\n\n', 'HR Representative\n\nCompany Name\n\n', 'HR Manager\n\nCompany Name\n\n']"
689,"['Company Name\n\nFinance Manager\n\n', 'Company Name\n\nSenior Financial Analyst\n\n', 'Company Name\n\nSenior Auditor - Internal Audit\n\n']"
69,"['Customer Service Representative\n\nCompany Name\n', 'Customer Service Supervisor\n\nCompany Name\n', 'Customer Service Representative\n\nCompany Name\n', 'Customer Service Representative\n\nCompany Name\n']"
691,"['Company Name\n\nï¼\u200b\n', 'Assistant Manager\n\nJanuary 2015\n', 'Company Name\n\nï¼\u200b\n']"
692,"['Finance Manager\n\nCompany Name\n', 'District Manager\n\nCompany Name\n', 'Operations\nManager\n', 'General Manager\n\nCompany Name\n']"
693,"['Staff Accountant\n\nCompany Name\n\n', 'Staff Accountant\n\nCompany Name\n\n', 'Staff Accountant\n\nCompany Name\n\n', 'Financial Management Partner\nCompany Name\n\n']"
696,"['Certified Fitness Trainer\n\nCompany Name\n\n', 'Personal Trainer & Lead Fitness Consultant\n\nCompany Name\n\n', 'Fitness Manager, Personal Training Sales Manager\n\nCompany Name\n\n', 'Fitness Consultant\n\nCompany Name\n\n', 'Health and Wellness Director\n\nCompany Name\n\n']"
697,"['Company Name\n\nCity\n', 'Company Name\n\nCity\n', 'Company Name\n\nCity\n']"
7,['Company Name\n\nHR Director\n\n']
704,"['Company Name\n\nCity\n', 'Company Name\n\nCity\n', 'Company Name\n\nCity\n', 'Company Name\n\nCity\n']"
705,"['Senior Vice-President and Chief Information Officer\n\n,\n', 'Vice-President, Information Technology\n\n,\n', 'Manager/Senior Network Engineer, Information Technology\n\n,\n', 'Test and evaluate network systems to eliminate problems and make improvements.Network Administrator\n\n,\n']"
707,"['Accountant\n\nCompany Name\n', 'Accountant\n\nCompany Name\n', 'Junior Accountant\n\nCompany Name\n']"
71,[]
710,"['Accountant II\n\nCompany Name\n\n', 'Grant Accountant\n\nCompany Name\n\n', 'Accountant\n\nCompany Name\n\n', 'Senior Accountant\n\nCompany Name\n\n', 'Assistant Loan Underwriting Manager\n\nCompany Name\n\n', 'Internal Auditor\n\nCompany Name\n\n', 'Accountant\n\nCompany Name\n\n', 'Branch Cashier (last position)\n\nCompany Name\n\n', 'Analyst\n\nCompany Name\n\n']"
718,[]
719,"['Customer Advocate\n\nCompany Name\n', 'Teller I\n\nCompany Name\n', 'Night Shift Leader\n\nCompany Name\n', 'Cashier\n\nCompany Name\n', 'Cashier\n\nCompany Name\n', 'Team Member\n\nCompany Name\n']"
725,"['HR SPECIALIST\n\nCompany Name\n\n', 'STAFFING SPECIALIST\n\nCompany Name\n\n', 'STAFFING COORDINATOR\n\nCompany Name\n\n', 'RECRUITING COORDINATOR\n\nCompany Name\n\n', 'CUSTOMER SERVICE REPRESENTATIVE\n\nCompany Name\n\n', 'TRUSTEE BOARD MEMBER\n\nCompany Name\n\n']"
726,"['Staff Accountant\n\nCompany Name\n', 'Independent Accounting Consultant\n\nCompany Name\n', 'Accounting Manager/Human Resources\n\nCompany Name\n', 'Accounting and Human Resources Manager\n\nCompany Name\n']"
73,"['Service Representative\n\nCompany Name\n\n', 'Sales Advisor\n\nCompany Name\n\n', 'Service Representative Lead\n\nCompany Name\n\n']"
733,"['Company Name\n\nHR Coordinator\n\n', 'Company Name\n\nHuman Resources Consultant\n\n', 'Company Name\n\nHuman Resources Manager/Coordinator\n\n', 'Company Name\n\nHuman Resources Manager\n']"
735,"['Director of Information Technology\n\n,\n', 'Senior Project Manager/Architect/Business Analyst\n\n,\n', 'Principal Consultant/Senior Project Manager Principal consultant\n\n,\n', 'Senior Project Manager\n\n,\n']"
739,"['State\n\nHR Payroll/ Accounting Representative\n\n', 'State\n\nTrainer/Server\n\n', 'State\n\nCounter Supervisor\n\n']"
74,"['State\n\nInformation Technology Administrator\n\n', 'State\n\nAssociate Director of Computer Services\n\n', 'State\n\nDistrict Computer Technician\n\n', ""State\n\nElectrician's Apprentice\n\n""]"
744,"['Director, Information Technology\n\nCompany Name\n\n', 'Associate Vice-President for Information Technology and Telecommunication\n\nCompany Name\n\n']"
746,"['Operations Coordinator\n\nCompany Name\n\n', 'Business Center Manager\n\nCompany Name\n\n', 'Language Arts Instructor\n\nCompany Name\n\n', 'Teacher\n\nCompany Name\n\n']"
748,"['Finance Manager\nFinance Manager\n', 'State\n\nSupervising Auditor\n']"
749,"['Accountant\n\nCompany Name\n\n', 'Staff Accountant\n\nCompany Name\n\n', 'Accountant /Auditor\n\nCompany Name\n\n']"
75,"['General Accountant\n\nCompany Name\n', 'Accountant\n\nCompany Name\n\n', 'Accountant\n\nCompany Name\n']"
750,"['IT Manager\n\nCompany Name\n\n', 'Senior Technical Analyst\n\nCompany Name\n\n', 'Director of Information Technology\n\nCompany Name\n\n', 'Director of Information Technology\n\nCompany Name\n\n', 'Project Manager\n\nCompany Name\n\n']"
752,"['State\n\nAdministrative Assistant\n\n', 'Company Name\n\nConsular Visa Clerk\n\n', 'State\n\nCatering Sales Intern\n\n']"
758,"['Fulfillment Advocate\n\nCompany Name\n', 'Business Operation Analyst\n\nCompany Name\n', 'CSSM\nCustomer Sales Support Manager\n', 'INVENTORY CONTROL TEAM LEAD\n\nCompany Name\n', 'Cost Accountant\n\nCompany Name\n', 'Inventory Controller (Hub Specalist)\n\nCompany Name\n', 'Replenishment Coordinator\n\nCompany Name\n']"
761,"['Director of Information technology\n\nCompany Name\n\n', 'Information technology Manager\n\nCompany Name\n\n', 'Information technology Manager\n\nCompany Name\n\n']"
763,"['Accountant\n\nCompany Name\n', 'Co-Owner\n\nCompany Name\n', 'Owner\n\nCompany Name\n', 'Accounting Manager\n\nCompany Name\n', 'Cost Accounting Manager\n\nCompany Name\n', 'Cost Accounting Manager\n\nCompany Name\n', 'Accounting Manager\n\nCompany Name\n']"
767,"['State\n\nVice President Information Technology Infrastructure Operations\n\n', 'State\n\nDirector of Network Operations\n\n', 'State\n\nInformation Operations Specialist\n\n', 'State\n\nCustomer Care Representative - Help Desk Technician supporting\n\n', 'State\n\nSystem Administrator\n\n', 'State\n\nHealthcare Systems Specialist\n\n']"
769,"['Finance Officer\n\nCompany Name\n\n', 'Payroll Assistant\n\nCompany Name\n\n']"
772,"['State\n\nHR Generalist\n\n', 'State\n\nHR Generalist\n\n', 'State\n\nHuman Resource Manager\n\n', 'State\n\nStaffing Manager\n\n']"
773,"['Senior Accountant\n\nCompany Name\n\n', 'Staff Accountant\n\nCompany Name\n\n', 'Accounting Clerk\n\nCompany Name\n\n', 'Accounting Clerk\n\nCompany Name\n\n']"
774,"['Administrative Assistant\n\nCompany Name\n\n', 'Advocate / Medical Assistant\n\nCompany Name\n\n', 'Home Healthcare Aide\n\nCompany Name\n\n', 'Home Healthcare Aide\n\nCompany Name\n\n']"
775,"['Director of Information Technology /Chief Technology Officer\n\nCompany Name\n\n', 'ticketing system with inventory/asset tracking and remote user management.Manager/Director\n\nCompany Name\n\n']"
776,"['Payroll Accountant\n\nCompany Name\n\n', 'Accountant\n\nCompany Name\n\n', 'Staff Accountant\n\nCompany Name\n\n', 'Staff Accountant\n\nCompany Name\n\n', 'Accounts Receivable Administrator\n\nCompany Name\n\n', 'Contracts Processor\n\nCompany Name\n\n']"
78,"['Company Name\n\nCity\n', 'Company Name\n\nCity\n', 'Company Name\n\nCity\n', 'Company Name\n\nCity\n', 'Company Name\n\nCity\n', 'Company Name\n\nCity\n', 'Company Name\n\nCity\n', 'Company Name\n\nCity\n', 'Company Name\n\nCity\n']"
780,"['Advocate\n\nCompany Name\n\n', 'Veteran Affairs Specialist\n\nCompany Name\n\n', 'Employment Representative\n\nCompany Name\n\n']"
784,"['Finance Manager\n\nCompany Name\n', 'Finance Manager\n\nCompany Name\n', 'Finance Manager\n\nCompany Name\n', 'Senior Credit Representative\n\nCompany Name\n']"
79,"['Donor Advocate\n\n,\n', 'Team Leader for the Children of the World Choir\n\n,\n', 'Elementary Teacher\n\n,\n', 'Donor Advocate\n\n,\n', 'Team Leader for the Children of the World Choir\n\n,\n', 'Elementary Teacher\n\n,\n']"
790,"['Accountant\n\nCompany Name\n', 'Staff Accountant\n\nCompany Name\n', 'Accountant /Auditor\n\nCompany Name\n']"
792,[]
795,"['General Manager\n\nCompany Name\n\n', 'Regional General Manager and National Sales Manager\n\nCompany Name\n\n', 'General Manager\n\nCompany Name\n\n', 'Fitness Service Director\n\nCompany Name\n\n', 'Insurance Agent\n\nCompany Name\n\n', 'Sales Director\n\nCompany Name\n\n', 'Sales Associate\n\nCompany Name\n\n', 'Customer Service Manager\n\nCompany Name\n\n', 'General Manager\n\nCompany Name\n\n']"
797,"['Accountant\n\nCompany Name\n', 'Provide training to new and existing staff as needed.\n05/2005\n\nto\n07/2012']"
799,[]
80,"['Customer Success Advocate\n\nCompany Name\n', 'Technology Support Specialist\n\nCompany Name\n\n', 'Install Technician\n\nState\n', 'Hardline merchandiser / Electronics Associate\n\nCompany Name\n\n']"
802,"['*\nFinancial Analysis * Strategic planning * Project and Inventory Management * Staff Management\n', 'Accountant\n\n,\n', 'Trading Assistant\n\n,\n']"
804,"['Accountant\n\nSenior Manager\n\n', 'robust financial reporting.\nInstructional Designer/Training Manager/Database Manager/Senior Accountant\n\n', 'State\nOnline Course Instructor\n\n']"
808,"['Company Name\n\nSenior Accountant\n\n', 'Company Name\n\nAssociate Fund Controller\n\n', 'Company Name\n\nAdvisory, Forensic and Audit Associate\n\n', 'trace illicit transfers made by a bank employee from each account in a multi-million dollar fraud scheme.\nAccounting Tutor\n']"
811,"['Director of Operations\n\nCompany Name\n\n', 'Fitness Operations Manager\n\nCompany Name\n\n', 'Administrative Assistant\n\nCompany Name\n\n', 'Training and Readiness Manager\n\nCompany Name\n\n']"
812,"['HR Generalist\n\nCompany Name\n\n', 'Office Administrative Assistant\n\nCompany Name\n', 'Waitress\n\nCompany Name\n\n']"
819,[]
821,[]
828,"['Finance Specialist\n\nCompany Name\n', 'Deposit Operations Associate\n\nCompany Name\n', 'Accounting Associate\n\nCompany Name\n', 'Community Consultant\n\nCompany Name\n']"
830,"['Administration Assistant\n\n,\n', 'Office Assistant\n\n,\n', 'Certified Medical Assistant\n\n,\n']"
832,"['HR Coordinator\n\nCompany Name\n\n', 'HR/Payroll Coordinator\n\nCompany Name\n\n', 'Human Resources Communications Executive\n\nCompany Name\n\n', 'Human Resources Executive Secretary\n\nCompany Name\n\n']"
835,"['State\n\nHR Personnel Assistant\n\n', 'State\n\nAssistant Store Clerk\n\n', 'State\n\nOffice Clerk/ Federal Contractor\n\n', 'State\n\nOffice Clerk/Federal Contractor\n\n']"
836,"['State\n\nFacility Manager\n\n', 'State\n\nHealthcare Program Planner Analyst\n\n', 'State\n\nShipping and Receiving Coordinator\n\n', 'State\n\nNutritional Aide\n\n', 'State\n\nAssistant Manager\n\n']"
837,"['Administrative Office Assistant\n\nCompany Name\n', 'Cheer Coach\n\nCompany Name\n', 'Adjunct Faculty\n\nCompany Name\n', 'Substitute Teacher\n\nCompany Name\n', 'Fitness/Wellness Coordinator\n\nCompany Name\n', 'Intern\n\nCompany Name\n', 'Group Fitness Instructor\n\nCompany Name\n', 'Group Fitness Instructor & Personal Trainer\n\nCompany Name\n', 'Lead Supervisor/Facility Supervisor\n\nCompany Name\n']"
838,"['Director of Finance\n\nCompany Name\n\n', 'Sr. Operations Analyst-Fund Accounting\n\nCompany Name\n\n', 'Financial Analyst-General Accounting\n\nCompany Name\n\n', 'Tax Analyst\n\nCompany Name\n\n', 'Team Lead- Sr. Research/Financial Analyst\n\nCompany Name\n\n', 'Investor Services Specialist\n\nCompany Name\n\n']"
841,"['Staff Accountant\n\nCompany Name\n', 'Finance Consultant/Budget Analyst\n\nCompany Name\n', 'Senior Accountant\n\nCompany Name\n', 'Financial Coordinator, Accountant I\n\nCompany Name\n']"
844,[]
846,"['Led support groups to help parents regain and improve their parent-child bond.\nChild Family Advocate\n\n', 'agencies to obtain and provide information.\nCustomer Services Team Lead\n\n', 'satisfaction.\nCustomer Service/Banking\n', 'Processed treasury, tax and loan payments.\nAdministrative Assistant\n\n', 'Received and distributed faxes and mail in a timely manner.\nCall Center/Phone Representative/Collector\n\n']"
849,"['HR Associate\n\nCompany Name\n\n', 'Cashier Captain\n\nCompany Name\n\n', 'Sales Associate\n\nCompany Name\n\n', 'Cashier, Shipment Associate\n\nCompany Name\n\n', 'Administrative Assistant\n\nCompany Name\n\n', 'nd Grade Sunday School Teacher\n\nCompany Name\n\n']"
850,"['Senior Accountant\n\nCompany Name\n\n', 'Corporate Tax Analyst\n\nCompany Name\n\n', 'Staff Accountant\n\nCompany Name\n\n', 'Financial Advisor\n\nCompany Name\n\n']"
852,"['HR Manager\n\nCompany Name\n\n', 'HR Representative III\n\nCompany Name\n\n', 'Restaurant Manager & Trainer\n\nCompany Name\n\n']"
854,"['Vice President, Information Technology\n\nCompany Name\n\n', 'Director, IT Infrastructure\n\nCompany Name\n\n', 'Manager, IT Operations - Windows\nCompany Name\n\n', 'IT Manager - Networking, Systems, & Support\n\nCompany Name\n\n', 'System Administrator\n\nCompany Name\n\n', 'Inside Sales Representative\n\nCompany Name\n\n']"
857,"['Accountant\n\nCompany Name\n', 'Accountant\n\nCompany Name\n', 'Staff Accountant\n\nCompany Name\n']"
858,"['Corporate Accountant\nCompany Name\n\n', 'Senior Accountant/Analyst\n\nCompany Name\n\n', 'Accountant\n\nCompany Name\n\n', 'Accounting Clerk\n\nCompany Name\n\n', 'Accounting Clerk\n\nCompany Name\n\n']"
86,"['ADMINISTRATIVE ASSISTANT\n\n,\n', 'HOME HEALTHCARE AIDE\n\n,\n', 'OFFICE ASSISTANT\n\n,\n', 'UNIT CLERK\n\n,\n', 'DAYCARE TEACHING ASSISTANT\n\n,\n', 'ADMINISTRATIVE ASSISTANT\n\n,\n', 'HOMEWATCH CAREGIVERS\n\n,\n', 'OFFICE ASSISTANT\n\n,\n', 'MICHIGAN MEDICINE\n\n,\n', 'DAYCARE TEACHING ASSISTANT\n\n,\n']"
862,"['Multi-Cultural/ international team working experienceBilingual English & ChineseÂ\nERP/AccountingÂ systemsÂ Proficiency; Advanced utilization Microsoft Office Suite, especially Excel.\n', 'global brands; Â Verify sales reports with Licensing Contracts, Royalty Rates, CMF/ BDI, Other Marketing Funds etc. Royalty, Payment /\nWithholding TaxÂ Â\n', 'Leadership and support of the International Logistic. AP, AR and payroll functions Oversees Accounts Payable /Accounts Receivable\n/Payroll functions, provide training to staff. Coordinate with International logistic department to handle any urgent shipping documents.\n', 'Recording all cheques and maintaining the general ledger;\nMaintaining accounts receivable and payable;\n', 'Customer care\nAssist with other office/ administrative tasks.\n']"
864,"['Patient Advocate\n\nCompany Name\n', 'Claims, Eligibility and Benefits Specialist III\n\nCompany Name\n', 'Certified Data Entry Pharmacy Technician\n\nCompany Name\n', 'Lead Certified Pharmacy Technician\n\nCompany Name\n']"
865,"['Senior Manager of Customer Support\n\nCompany Name\n', 'Manager of Customer Support\n\nCompany Name\n', 'Customer Support Representative\n\nCompany Name\n', 'Administrative Assistant\n\nCompany Name\n', 'Lead Flight Attendant\n\nCompany Name\n']"
87,"['Consumer Advocate\n\nCompany Name\n', 'Customer Service Representative\n\nCompany Name\n', 'Customer Service Representative\n\nCompany Name\n', 'Administrative Assistant Commercial / Personal Lines CSR\n\nCompany Name\n', 'Field Representative\n\nCompany Name\n', 'Personal Lines Customer Service Representative\n\nCompany Name\n', 'Personal Lines Inside Sales Agent\n\nCompany Name\n', 'Underwriting Supervisor\n\nCompany Name\n', 'Customer Service Team Lead\n\nCompany Name\n', 'Travel Sales Associate\n\nCompany Name\n']"
871,"['Accountant\n\nCompany Name\n', 'Tax Accountant\n\nCompany Name\n', 'Accounting Manager\n\nCompany Name\n', 'Tax Accountant\n\nCompany Name\n']"
879,"['Finance And Accounting Specialist\n\n,\n', 'Buyer\n\n,\n', 'Administrative Assistant\n\n,\n', 'Executive Administrative Assistant\n\n,\n', 'Software Tester\n\n,\n', 'Booking Clerk\n\n,\n']"
88,"['Night Service Representative\n\nCompany Name\n\n', 'Account Manager\n\nCompany Name\n\n', 'Sales Counselor\n\nCompany Name\n\n']"
880,"['Information Technology Senior Manager\n\nCompany Name\n\n', 'Information Technology Director\nCompany Name\n\n', 'Business Systems Delivery Consultant\n\nCompany Name\n\n', 'Client Services Manager\n\nCompany Name\n']"
882,"['Finance Manager\n\nCompany Name\n\n', 'Finance Manager\n\nCompany Name\n\n', 'Finance Manager\n\nCompany Name\n\n', 'CNA\n\nCompany Name\n\n']"
884,"['Manager of Finance\n\nCompany Name\n\n', 'Business Director II\n\nCompany Name\n\n', 'Director of Finance\n\nCompany Name\n\n', 'Assistant CFO\n\nCompany Name\n\n', 'Director of Decision Support & Controller of Emory\n\nCompany Name\n\n']"
886,"['Company Name\n\nFinance Director\n\n', 'Company Name\n\nSystems Manager\n\n', 'Company Name\n\nStaff Accountant\n\n']"
887,"['Company Name\n\nFinance Project Coordinator\n\n', 'Company Name\n\nMD Verification Division-Temp Contract Position\n\n']"
889,"['Company Name\n\nCity\n', 'Company Name\n\nCity\n', 'Company Name\n\nCity\n', 'Company Name\n\nCity\n']"
89,"['Maintains hierarchy structure, ensuring that communication is properly filtered.\nCompany Name\n\n']"
891,"['HR Consultant\n\nCompany Name\n', 'Director of Customer Strategies-Heart Walks\n\nCompany Name\n', 'Human Resources-Recruiter\n\nCompany Name\n', 'Talent Attraction\n\nCompany Name\n', 'Assistant Vice-President-Human Resources\n\nCompany Name\n']"
892,"['HR Contact Center Specialist\n\nCompany Name\n', 'Admissions Representative\n\nCompany Name\n', 'Recruiting Coordinator\n03/2014\n']"
893,[]
895,"['Patient Advocate\n\nCompany Name\n\n', 'Operations Team Lead\n\nCompany Name\n\n']"
9,[]
90,"['employee benefits administration Highly effective\nemployer representation in unemployment claims and hearings.\n', 'A.\n01/2013\n\nto\n01/2013', 'Maintain HRIS/Payroll system\nProcess invoices for payment.\n', 'A\nCoordinate quarterly meetings.\n', 'Assist in employee conflict resolution\nEstablish written policies and procedures.\n', 'Respond to\nUnemployment claims, and effectively represent WESCO in Unemployment hearings.\n', 'Maintain accurate confidential employee files\nCoordinate Annual Service Award Program.\n', 'Analyzed information for\nannual reporting to Federal, State and local government.', 'Confirmed retirement information for monthly reporting to the State of Michigan\nMaintained direct deposit system.\n']"
906,['Company Name\n\nCity\n']
907,"['Advocate General\n\nCompany Name\n', '% decrease in critical incidents being reported from Collaborating with the Oklahoma\n', 'Consumer Advocate\n\nCompany Name\n', 'BEST Award (Building Excellent Services Together) two times.\nCompany Name\n']"
909,"['Accountant\n\nCompany Name\n', 'Campus Accountant\n\nCompany Name\n', 'Staff Accountant\n\nCompany Name\n', 'Senior Finance Associate\n\nCompany Name\n', 'Staff Accountant\n\nCompany Name\n']"
91,"['HR Professional\nCompany Name\n\n', 'HR Assistant\n\nCompany Name\n\n', 'Updated key human resource metrics, including turnover and terminations, using reporting tools on the HRMS databaseClient/Advisor Professional\nCompany Name\n\n', 'Personal Banker\n\nCompany Name\n\n']"
913,['Information Technology Director\n\nCompany Name\n\n']
919,"['Supply Chain Manager\n\nCity\n', 'Materials Manager\n\nResponsible for sourcing and procuring all material required for repair and overhaul of jet engine and components as well as all contracts for\n', ""Contracts Supervisor\n\nInteracted with Department heads to ensure the highest quality proposal was provided by meeting the customers' requirements for Value\n"", 'City\n\n,\n']"
92,"['Accountant II\n\n,\n', 'Accountant\n\n,\n', 'Accountant\n\n,\n', 'Financial Service Representative/ Back-up Supervisor\n\n,\n']"
923,"['Family Advocate\n\nCompany Name\n', 'Family Care Manager\n\nCompany Name\n', 'Sales Associate\n\nCompany Name\n', 'Student Assistant/Building Manager\n\nCompany Name\n']"
928,"['Information Technology Manager\n\nCompany Name\n', 'Network Analyst\n\nCompany Name\n']"
929,"['Finance Manager\n\nCompany Name\n\n', 'Senior Administrator\n\nCompany Name\n\n', 'Director of Accounting\n\nCompany Name\n\n', 'Accounting & Benefits Manager\n\nCompany Name\n\n']"
93,"['HR Manager\n\nCompany Name\n', 'Manager - HR Corporate Recruiter and HR consultant\n\nCompany Name\n', 'Sr. HR Generalist/Lead Recruiting Manager\nCompany Name\n\n', 'Employee Relations Generalist\n\nCompany Name\n\n']"
934,"['Operations Associate\n\n,\n', 'Assistant to the Executive Director\n\n,\n', 'Meisha Lawson Marketing Ã¢â‚¬â€œ Marketing Coordinator\n\n,\n', 'Fieldhouse Manager & ZumbaÃ‚Â® Fitness Instructor\n\n,\n']"
935,"['Senior HR Manager, HR Business Partner\n\nCompany Name\n\n', 'HR Manager\n\nQuality Service Manager, HR Manager\n\n', 'Assistant Property Manager\n\nCompany Name\n']"
943,"['HR Assistant III\n\nCompany Name\n', 'Compliance Coordinator\n\nCompany Name\n', 'Enrollment Coordinator\n\nCompany Name\n', 'Accounts Payable Clerk\n\nCompany Name\n']"
945,"['Hr Specialist\n\nCompany Name\n\n', 'Customer Service Representative\n\nCompany Name\n\n', 'Call Centre Shift Supervisor\n\nCompany Name\n\n']"
949,"['Information Technology Specialist\n\nCompany Name\n', 'Computer Technical Specialist\n\nCompany Name\n\n', 'Senior Computer Network Support Technician\n\nCity\n\n', 'Junior Network Administrator\n\nCompany Name\n\n']"
950,"['Company Name\n\nAccountant\n\n', 'Company Name\n\nAccountant\n\n', 'Company Name\n\nBookkeeper\n\n', 'Company Name\n\nAccountant\n\n', 'Company Name\n\nAssistant Bookkeeper\n\n']"
951,"['Information Technology Manager\n\n,\n', 'IT Administrator\n\n,\n', 'Network Administrator\n\n,\n', 'Information Technology Consultant\n\n,\n', 'Network Administrator\n\n,\n', 'Administration of intranet.Network Administrator\n\n,\n', 'College of Education Computer Technician\n\n,\n']"
952,"['Finance Manager\n\nCompany Name\n\n', 'Financial Analyst II\n\nCompany Name\n\n', 'Corporate Accountant\n\nCompany Name\n\n', 'Named Employee of the Month.Resort Revenue Manager\n\nCompany Name\n\n']"
953,"['expert level\nCompany Name\n\n', 'external reporting.\nCompany Name\n\n', 'and schedule and conduct training of staff on software.\nCompany Name\n\n', 'Fill out tax forms and applications.\nCompany Name\n\n', '(creating new files when necessary), answered phones and dealt directly with customers and vendors.\nCompany Name\n\n']"
96,"['Information Technology Manager\n\nCompany Name\n\n', 'Information Technology Manager\n\nCompany Name\n\n', 'Information Systems Administrator\n\nCompany Name\n\n']"
963,"['Finance Manager\n\n,\n', 'FINANCE DIRECTOR/SALES MANAGER\n\n,\n', 'Sales Manager\n\n,\n', 'Owner/CEO\n\n,\n']"
964,"['Health Advocate\n\n,\n', 'Security Officer\n\n,\n', 'Security Coordinator\n\n,\n', 'Transition Health Advocate\n\n,\n', 'Security Officer\n\n,\n', 'Maintenance\n\n,\n', 'School Age Teacher\n\n,\n']"
965,"['General Accountant\n\nCompany Name\n\n', 'Medical Biller/Collector\n\nCompany Name\n\n', 'Lead of Clerical Services\n\nCompany Name\n\n']"
966,"['SHELTER ADVOCATE\n\nCompany Name\n\n', 'MUNICIPAL COURT CLERK\n\nCompany Name\n\n', 'LEAD TELLER\n\nCompany Name\n\n']"
973,"['STAFF ASSISTANT\n\nCompany Name\n\n', 'RECEPTIONIST\n\nCompany Name\n\n', 'Legal Secretary\nCompany Name\n\n']"
976,"['Finance Manager\n\n,\n', 'Accounting Manager\n\n,\n', 'Corporate Controller\n\n,\n', 'Cost Accountant\n\n,\n', 'Supply Specialist\n\n,\n']"
977,"['Accountant\n\nCompany Name\n', 'Data Processing Manager/Programmer\n\nCompany Name\n']"
98,"['Project management.\nFinance Manager\n\n', 'accounts receivables and payables.\nNational Sales Director and National Rehab Supervisor\n\n', 'maintaining service accounts.\nExecutive Vice President\n\n', 'purpose of visit and directed them to the appropriate destination.\nHuman Resourses Executive Assistant\n\n', 'Processed payroll and maintain employee payroll benefits database.\nAdmissions Office Executive Assistant\n']"
980,"['Finance Manager\n\nCompany Name\n\n', 'Finance Manager\n\nCompany Name\n\n', 'Manager\n\nCompany Name\n\n']"
988,"['IT Director\n\nCompany Name\n\n', 'Business Application Specialist\n\nCompany Name\n\n', 'Information Technology Specialist\n\nCompany Name\n\n', 'Information Technology Specialist I\n\nCompany Name\n\n', 'Network Assistant\nCompany Name\n\n', 'General Manager\n\nCompany Name\n\n']"
99,"[' payments.\nStaff Accountant\n\n', 'Coded the general ledger and processed vendor invoice payments.\nAccountant\n\n', ' vendors and suppliers on a weekly basis.\nCorporate Accountant\n\n']"
993,"['Operations Finance Director\n\nCompany Name\n\n', 'Managing Director - Head Of Trading Floor Operations\n\nCompany Name\n\n', 'SR. Director - Options Trading Services and Operations\n\nCompany Name\n\n', 'Director -Manager -Options Trading Services\n\nCompany Name\n\n']"
